1020					1020,
107WestRestaurant			107_West_Restaurant,
18thJudicialCircuit			18TH_JUDICIAL_CIRCUIT_630,
213Cafe					213_CAFE_SDX,
529Plan					Newyork_529,NewYork_529,IL_529_Plan
7Eleven					7-Eleven,7-ELEVEN_,
A&P					A&P,
A&W					A&W_ISL,
AAA					AAA_CLUB,AAA,AAA_MS_DUES,AAA_NY_WEB,Aaa_Membership_Ecom_8002226424_Mi,Aaa_Ny_Web_5168732343_Ny,
AGNTFee					AGNT_FEE,
AMCCantera				AMC_CANTERA,Amc_Cantera,
AT&T					AT&T,
ATA					ATA_AIR,
ATMDeposit				DEPOSIT__ID_NUMBER,ATM_Check_Deposit,ATM_CHECK_DEPOSIT,ATM_DEPOSIT_DISPUT,ATM_DEPOSIT_ADJ_DR,CUSTOMER_DEPOSIT,
ATMWithdrawal				WITHDRAWAL,ATM_WITHDRAWAL,NON-CHASE_ATM_WITHDRAW,NON-CHASE_ATM_FEE,CHAS_ADV_ATM,ATM-NCHG_,
AandDMiniMart				A_AND_D_MINI_MART_IN,
Acapulcos				ACAPULCOS,
AceHardware				ACE_HARDWARE,
Acqua					ACQUA,
AdagioTeas				ADAGIO_TEAS_,
AdcoHearingProducts			ADCO_HEARING_PRODUCTS,
AddysDutchCafes				ADDYS_DUTCH_CAFES_RES_GR,
Aeropostale				AEROPOSTALE,
AgraIndian				Agra_Indian_Restaurant,
AguaVerdeCafe				AGUA_VERDE_CAFE,
AirTran					Airtranai_33200533781920,
Airtastic				AIRTASTIC,
AjantaIndian				AJANTA_INDIAN,
AlamoRentACar				ALAMO_RENT-A-CAR,Alamo_Rent-a-car,
AlbeeBabyCarriage			ALBEE_BABY_CARRIAGE_CO,
Aldi					ALDI,
AlexandriaPastryShop			ALEXANDRIA_PASTRY_SHOP,
AlfredCossariMD				ALFRED_COSSARI_MD_PC,
AlicesMountainMarket			ALICES_MOUNTAIN_MARKET,
AllState				ALLSTATE,All_State,Allstate,AIC*ALLST_VEH&PROP_INS,
AllianceOne				ALLIANCEONE_RECEIVABLE,
Allium					Allium,ALLIUM,
Altrec					ALT*ALTREC.COM_OUTDOOR,ALTREC,
Amazon					Amazon.com,
AmazonFashion				Endless.com,
AmazonGiftCards				AMZ*GIFTCARDS,
AmazonKindle				Amazon_Services-Kindle,
AmazonMarketplace			AMAZON_MKTPLACE_PMTS,
AmazonPrime				Amazon_Prime,AmazonPrime_Membership,
AmericaBar&Grill			AMERICA_BAR_&_GRILL_GM,
AmericanAirlines			AMERICAN_00,AMERICAN___00,American__00,AMERICAN__00,
AmericanEagleOutfitters			A_EAGLE_OUTFTR00007450,
AmericanFidelityMortage			AMERICAN_FIDELITY_MORT,
AmericanPhysicalSociety			The_Americn_Physical_S_College_Park_Md,
AmericanTaxi				AMERICAN_TAXI,AMERICAN_TAPXI,American_Taxi,
Amerispec				AmeriSpec
AmirsFalafel				AMIR'S_FALAFEL,Amir's_Falafel,
AmocoOil				AMOCO_OIL,Amoco_Oil,
AmsterdamCafe				Amsterdam_Cafe,
Amtrack					AMTRAK,Amtrak,
AmysHallmark				AMY'S_HALLMARK,
AnUncommonCafe				AN_UNCOMMON_CAFE@DOEG,
AnabananaKids				ANABANANA_KIDS,
AndaleMexican				ANDALE_MEX_REST_T_3,
AndersonsBookstore			ANDERSONS_BKS,
AndronicosMarketPaloAlto		ANDRONICOS_MARKET_8,
AngiesList				ANGIES_LIST,
AnnReidSchool				AnnReidSchool
AnnTaylor				ANN_TAYLOR,ANNTAYLOR_LOFT,ANNTAYLOR_LOFT.COM,ANNTAYLOR.COM,Ann_Taylor,
ApolloTaxi				SQ_*APOLLO_TAXI_LLC,
AppleBees				APPLEBEES,Applebees_
AppleStore				APPLE_STORE,APPLE_ITUNES_STORE,Apple_Store,APPLEONLINESTOREUS,
Appletree				APPLETREE_SUPERMAR,APPLETREE_SU,Appletree_,
Arabugg					ARABUGG75,
Aramark					ARAMARK,Aramark,
Arbys					ARBY'S,ARBYS_9520,ARBYS_,
ArgoTea					SQ_*ARGO_TEA_,
ArgonneNationalLab			ACT*ANL-HEP,
ArniesPizza				Arnies_Pizza,
AromasSpecialtyCoffee			Aromas_Specialty_Coffe,
ArteCafe				ARTE_CAFE,
ArtopolisCafe				ARTOPOLIS_CAFE,Artopolis_Cafe,
AsianChao				ASIAN_CHAO,Asian_Chao,
Asie					ASIE,
AspenBarAndGrill			ASPEN_BAR_&_GRILL,
AspenBrewingCompany			ASPEN_BREWING_COMPANY,
AspenCenterForPhysics			ASPEN_CENTER,
AspenMeadowsResort			ASPEN_MEADOWS_RESORT,
AspenOverEasyCafe			ASPEN_OVER_EASY_CAFE,
AspenSkiing				ASPEN_SKIING,
AtlantaBread				ATLANTA_BREAD,Atlanta_Bread_Co,
AuBonPain				Au_Bon_Pain,LAGUARDIAAUBONPAIN793A,S_STATION_AUBONPAIN_51,U_CHIC_HOS_AUBONPAIN_1,UCHICHOSP_AUBONPAIN_79,PHILLY_AIR_AUBONPAIN_2,
AuntieAnnes				AUNTIE_ANNES,AUNTIE_ANNE'S,
AutoZone				AUTOZONE,
Aveda					Aveda_Inst_Ny/spring_S,
BANKATM					350_WEST_125TH_STREET_NEW_YORK,19_WEST_JEFFERSON,2139_BROADWAY,430_ROUTE_25A,1962_MIDDLE_COUNTRY_RD,60_NORTH_COUNTRY_ROAD,1767_W.OGDEN_AVE,200_S_Central_Campus,2875_BROADWAY,464_MAIN_STREET,389_Route_25A_,120_Main_St,120_MAIN_ST,
BCCC30thStreet				ccc_-_30Th_Street,
BNLChildCare				To_Chi,BNLChildCare,
BNLWorkTravel				Bnl_Payment,BNL______________PAYMENT,
BPOil					Bp_OIL,BP_ATLAS_1426,WARRENVILLE_BP,1426_NAPERVILLE,1429_TAJANY,TAJANY_BP,Bp_Oil,
BPStore					BP_AM/PM_STORE,
BROil					B_&_R_OIL_704,
BabiesRUs				TOYSRUS-BABIESRUS,BABIES_R_US,
BabyAge					BABYAGE*ONLINE,
BabyCatalog				baby_catalog,
Baileys					BAILEY'S_REST,
BallFactory				BALL_FACTORY,
Bar515					Bar_515,
BarnesAndNoble				BARNES_&_NOBLE,BARNESNOBLE,Barnes_&_Noble,BARNES&NOBLE,
BarnumEq.				Barnum_Eq.,To_Bar,
BarnumHouseLaundry			BarnumHouseLaundry
BassRiverLiquors			BASS_RIVER_LIQUORS,
BeaconWines				BEACON_WINES_&_SPIRITS,
BeanAndBagel				BEAN_AND_BAGEL,
BedBathAndBeyond			Bed_Bath_&_Beyond,
BenAndJerrys				BEN_&_JERRY'S,
BenPao					BEN_PAO,Ben_Pao,
BenjaminMoore				BENJAMIN_MOORE_E-PAINT,J.C._LICHT/NAPERVILLE,
BestBuy					BEST_BUY,Best_Buy,Best_Buy_Mht,BESTBUY.COM,
BestWestern				Bestwestern,
BigTimeBrewery				BIG_TIME_BREWERY,
BiggbyCoffee				BIGGBY_COFFEE,
BinnysBeverageDepot			BINNYS_BEVERAGE_DEPOT,
BistroTen				Bistro_Ten_18,
BizChairOffice				BIZCHAIR_OFFICE,
Blockbuster				BLOCKBUSTER,
BlueSkysCafe				BLUE_SKYS_CAFE,
BlueTalonBistro				Blue_Talon_Bistro_Llc,
BoardwalkGames				BOARDWALK_GAMES,
BobJung					BobJung
BobbysBurgerPalace			BOBBYS_BURGER_PALACE,
Boden					BODEN,
Boingo					BWI*BOINGO,boingo,
BoisJoly				REST_BOIS_JOLY,
BonAppetit				BON_APPETIT,
BookAreFun				BOOKS_ARE_FUN,
Bookmans				BOOKMANS,
Borders					BORDERS_BOOKS,BORDERS_BKS,Borders_Bks,Borders_Airpor,
BostonCommon				BOSTON_COMMON_-_III_BOST,
BostonMBTA				MC-MBTA_-_KENDALL_(RL,
BostonMarket				BOSTON_MARKET,Boston_Market,
BostonUniversity			BU_CONF_(21),
BourbanStreetCafe			BOURBON_STREET_CAFE,
BreaktimeBilliards			BREAKTIME_BILLIARDS,Breaktime_Billiards,
BrewCamp				BREW_CAMP,
BrickLaneCurryHouse			Brick_Lane_Curry_House,
BridgeBarEatin				BRIDGE_BAR_&_EATIN,
BriermereFarms				BRIERMERE_FARMS,
BriocheDoree				BRIOCHE_DOREE_20254850,
BronxZoo				BRONX_ZOO,
BrookfieldZoo				B_ZOO-INTERNET,B_ZOO-_ZOOFARI,B_Zoo-_La_Gran_Cocina,B_Zoo-_Safari,B_Zoo-admissions/park,BZOO-ZOOFARI_SHOPS,
BrookhavenNationalLab			BROOKHAVEN_NATIONAL,BrookhavenNationalLab,
BrookhavenNationalLabSalary		Bnl/Bsa,BNL/BSA,BrookhavenNationalLabSalary,
BrookhavenScienceAssociates		BROOKHAVEN_SCIENCE_ASS,Brookhaven_Scien_T1335810-B,Brookhaven_Scien_T680944-Br,Brookhaven_Scien_T723942-Br,Brookhaven_Science_Ass,
BrooksBrothers				BROOKS_BROTHERS,
BrookstoneRetailStore			MC-BKSTN_RETAIL_STORE,
BrothersMarket				Brothers_Market,BROTHERS_MARKET,
BudgetRentACar				BUDGET_RENT-A-CAR,BUDGET_RENT_A_CAR_TOLL,
BuffaloWildWings			BUFFALO_WILD_WINGS,Buffalo_Wild_Wings,
BuildABear				BUILD-A-BEARWORKSHOP,
BullsEye				TGTGIFTCARD/BULLSEYE,
BumpsRestaurant				BUMPS_RESTAURANT,
BuonItalia				BUON_ITALIA,
BurgerKing				BURGER_KING,Burger_King,
BurritoBeach				BURRITO_BEACH,
BurritoElito				BURRITO_ELITO,
Butera					BUTERA_MARKET,
BuyBuyBaby				BUY_BUY_BABY,
CERNHostel				Cern_Foyer-Hotel,
CHS@SFO					CHS_@_SFO,
CPZRestaurant				CPZ_RESTAURANT,
CVS					CVS_0,CVS_#,CVS_2,CVS_8,
CVSPharmacy				CVS_PHARMACY,CVSPHARMACY_,CVSPHARMACY,Cvs_Pharmacy,
Cablevision				CABLEVISION,Cablevision,
CafeAllegro				CAFE_ALLEGRO,
CafeAtTheKendall			CAFE_AT_THE_KENDALL,
CafeFrida				Cafe_Frida,
CaffeSwish				Caffe_Swish,
CaliforniaPizzaKitchen			CALIFORNIA_PIZZA,
CallFromSwitzerland			CALL_FROM_SWISS_MAR21,
CalvinKlein				CALVIN_KLEIN,Calvin_Klein,
CambridgeCommon				Cambridge_Common,
CampusCopyCenter			Campus_Copy_Center,
CampusDining				CAMPUS_DINING_01000637,
CampusInnHotel				CAMPUS_INN_HOTEL,
CapeCodCreamery				Cape_Cod_Creamery,CAPE_COD_CREAMERY,
CappysCarpet				Cappy's_Carpet,
CapriInn				CAPRI_INN,
CardValidation				CARD_VALIDATION_MAR21,
CareGetActive				CARE_-_GET_ACTIVE,
CaribouCoffee				CARIBOU_COFFEE,Caribou_Coffee_Co,
CarolynSwartz				CarolynSwartz
Carters					CARTER'S,CARTER_S,
CasaDeReyes				CASA_DE_REYES,
Caseys					Caseys,
CaseysFood				CASEY'S_FOOD,
Cash					6383_CLAYTON_RD,2554_BROADWAY,200_TERMINAL_ROAD,11-17_ASHFORD_AVENUE,1215_AMSTERDAM_AVENUE_NEW_YORK,340_AVENUE_OF_AMERICASNEW_YORK,29W710_BATAVIA_RD,
Cash-Warrenville			Cash-Warrenville
CashAdvance				Cash_Advance_Fee,Cash_Adv_Fee,Cash__*_Finance_Charge_*,
CashRedemption				UR-Cash_Redemption,Cash_Redemption,Redemption_Credit,REDEMPTION_CREDIT,
CatamaranResortHotel			CATAMARAN_RESORT_HOTEL,
CellPhoneShop				CELL_PHONE_SHOP,
CentralDupageHospital			Central_Dupage_Hsptl,
CentralMarket				CENTRAL_MARKET,CENTRAL_MARK,
CentralParkZoo				CENTRAL_PARK_ZOO,
CernHostel				Cern_Foyer-H_tel,
CestCheese				CEST_CHEESE,
CharlieChiangsKwai			CHARLIE_CHIANG'S_KWAI,
CharliesSteakHouse			CHARLIES_STEAK_HOUSE,
Chartwells				Chartwells_,Chartwells,
Chase					CHASE,Chase_Epay,CHASE_EPAY_XXXXX0086,
ChaseCreditCardPayment			Payment_-_Thank_You,Payment_to_Chase_card_ending_in,Payment_Thank_You_-_Web,PAYMENT_RECEIVED_,
CheBellaPizza				Che-bella_Pizza,
Check					CHECK_,000000,
ChickFilA				CHICK-FIL-A,
Chilis					CHILI_S,Chili's,Chilis_71,CHILIS_B12_ORD20258166,CHILI'S_GRI,CHILI'S_G_&_G,
ChinaHouse				CHINA_HOUSE,
ChinaMax				CHINA_MAX,
ChinaTownRestaurant			390_BROADWAY/390_BROADWA,
ChineseConsulateGeneral			CONSULATE_GENERAL_CHIN,
Chipotle				CHIPOTLE,Chipotle,
ChocolaterieCanonica			Chocolaterie_Canonica,
ChristianBo				CHRISTIANBO,
CiboExpressGourmet			CIBO_EXPRESS_GOURMET,
Cinnabon				CINNABON,Cinnabon_Nj-tp10931q19,
Citgo					CITGO,ARIANA_&_ZEHRA_CORPQ39,
CityMeatMarket				MC-CITY_MEAT_MARKET,
CityOfNaperville			CITY_OF_NAPERVILLE,REMIT_ONLINE.COM,
Clarks					CLARKS,
ClearyGift				ClearyGift
ClimateHome				CLIMATE_HOME,
ClinicalPractice			CLINICAL_PRACTICE_MGMT,
ClintonFoundation			CLINTON_FOUNDATION,
Coach					COACH,Coach,
Coastal					COASTAL,Coastal,
CoffeeBeanery				COFFEE_BEANERY_4-3B_NO,
CoffeeCorner				COFFEE_CORNER_9,
Coldstone				COLDSTONE,
ColdstoneCreamery			COLDSTN_CREAM,
CollegeInnPub				COLLEGE_INN_PUB,
CollegetownBagels			COLLEGETOWN_BAGELS,
ColorMeMine				COLOR_ME_MINE,
ColumbiaBookstore			Bkst-columbia-uv,
ColumbiaUniversity			Columbia_University,Columbia_Univer,
ColumbiaUniversityAthletics		COLUMBIA_UNIV._ATHLETR,Cu_Athletics_Membershi,
ColumbiaUniversitySalary		COLUMBIA_UNIVERS,COLUMBIA_UNIVER__PAYROLL,COLUMBIA_UNIVER_PAYROLL_10132233,
ColumbiaUniversityTransport		CU_TRANSPORT_SVC_MTR,
ColumbusAirport				4600_INTERNATIONAL_GATCOLUMBUS,
ComfortInn				COMFORT_INNS,Comfort_Inn,
CommodorePerry				COMMODORE_PERRY,
CommunityFoodAndJuice			Community_Food_And_Jui,
CompalSRL				COMPAL_SRL,
CompassBooks				COMPASS_BOOKS,
CongreeConvention			CONGRESS_CONVENTION,
Connollys				CONNOLLY'S,Connolly's_121_W_45Th,
ContinentalAirlines			CONTINEN__00,
ContinentalCafe				CONTINENTAL_CAFE,
ConventionsPsychiatry			CONVENTIONS_PSYCHIATRY,Online_Payment_3671491127_To_Con,Online_Payment_3785430058_To_Con,
CookOut					COOK_OUT,
CookieDoughCreations			MC-COOKIE_DOUGH_CREAT_QAE,
CornerBakery				CORNER_BAKERY,
Cosi					COSI,Cosi,
CosleyZoo				COSLEY_ZOO_,
CostPlus				COSTPLUS,
CountryFair				COUNTRY_FAIR,
CountryHouse				Country_House-geneva,COUNTRY_HOUSE_RESTAURA,
CoupaCafe				COUPA_CAFE,
CourtyardByMarriott			COURTYARD_BY_MARRIOTT,
Craftbar				Craftbar,
CraigsAutoServiceCenter			1410_CRAIGS_AUTO_SEQPS,
Crate&Barrel				Eur*crate&barrel-914_800-967-6696_Il,
CrateAndBarrel				CRATE_&_BARR,
Crazy8					CRAZY_8,CRAZY8.COM,
CreditDueToDebitCardDispute		CREDIT_DUE_TO_DEBIT_CARD_DISPUTE,
CreditReturn				Credit_Return:_Online_Payment_11,
CreditSuisse				CREDIT_SUISSE,
Credit_Card				Payment_Received,
CrepesOnColumbus			Crepes_On_Columbus,
CricketMagazine				CPI*CRICKET_MAGAZINE,
CrocsStore				CROCS_STORE,
CrossSoundDeli				CROSS_SOUND_DELI_SERV_NE,CROSS_SOUND_DELI_SERVI,
CrossSoundFerry				CROSS_SOUND_FERRY,
CurryClub				The_Curry_Club,CURRY_CLUB,
CurryLeaf				CURRY_LEAF_FINE_INDIAN,
D'angelos				D'angelos,
DAGOSTINOS				D'AGOSTINO_S,
DNCTravel				DNC_TRAVEL_-_SENEC,DNC_TRAVEL_-_CLARE,DNC_TRAVEL_-_DETRO,
DSW					DSW_,
DaGennaroRestaurant			DA_GENNARO_RESTAURANT,
DairyQueen				Dairy_Queen,DAIRY_QUEEN,
Damariscotta				Damariscotta,
Danastig				DANASTIG
DauneReade				DUANE_READE,Duane_Reade,
DeaBaby					DEA_BABY,
DeanAndDeluca				DEAN_&_DELUC,
DebitCardProvisionalCredit		DEBIT_CARD_PROVISIONAL_CREDIT,
DeliceDeFrance				DELICE_DE_FRANCE,
Delta					Delta,
DeltaAirlines				DELTA,
Deluxe					Deluxe_,Deluxe,
DeluxeCheck				DELUXE_CHECK,
DennysRestaurant			DENNYS_RESTAURANT,
DestinationMaternity			DESTINATIONMA,
Diapers.com				DIAPERS.COM,QI_*DIAPERS.COM,
DicksSportingGoods			DICK'S_SPORTING_GOODS,
DigitalPhotoFinishing			DIGITAL_PHOTO_FINISHIN_,
DiscountTire				DISCOUNT-TIR,DISCOUNT_TIR,
DishCafe				Dish_Cafe,
Disney.com				DIS*DISNEYSHOPPING.COM,
DisneyStore				disney_stope,DISNEY_STORE,
Dollar					DOLLAR_RAC_MDW,
Dominicks				DOMINICKS,Dominicks_,
Doostang				DOOSTANG_INTERNATIONAL,
DosCaminos				Dos_Caminos_Soho,
DotComMidway				Dot_Com,
DrAtCentralParkWest			DrAtCentralParkWest
DrGidwani				DrGidwani
DrugMart				MC-DRUG_MART,
Drugstore				DRUGSTORE,
DuPageValleyAnesthesia			DU_PAGE_VALLEY_ANESTHE,
DunkinDonuts				DUNKIN,Dunkin,Dd/br,DD/BR,
DupageChildrensMuseum			DUPAGE_CHILDRENS_MUSEU,
DupageMedicalGroup			DUPAGE_MEDICAL_GROUP,Dupage_Medical_Group,
EZGasoline				EZ_GASOLINE,
EarlyPregnancyTest			Early_Pregnancy_Test_3603035207_Wa,
EastChinaInn				East_China_Inn,
EasyShoppe				SQ_*EASY_SHOPPE,
EatPiada				EAT_PIADA,
Ebags.com				EBAGS.COM,
EddieBauer				EDDIE_BAUER,Eddie_Bauer,E_BAUER,E_Bauer,EDDIEBAUER,EB_SMITH_HAVEN,
EducationAndPsycho			EDUCATIONAL_AND_PSYCHO,
EdwardHealthAndFitness			EDWARD_HLTH_&_FITNESS,EDW_FITNESS_MEM_SERV1,
EdwardHospital				EDWARD_HOSP_CASHIER,ASSOCPATHCONSEDWRD4387,
EggsInc					EGGS_INC,
Eggsperience				EGGSPERIENCE,
EinsteinBrothers			EINSTEIN_BRO_BAGELS_Q8,EINSTEIN_BROS,Einstein_Bros,
ElPortonBar				l_Porton_Bar&mex.rest_New__York_Ny,
EmiliosTapas				EMILIOS_TAPAS,
EmpanadaJoes				Empanada_Joe,
EnjoyYourShow				ENJOYYOURHO,
EnterpriseRentACar			ENTERPRISE_RENT-A-CAR,
Equifax					Equifax_Consumer,
EspressoRoyale				ESPRESSO_ROYALE_40,
Esprit					ESPRIT,
Esso					ESSO_165_OMER_MARCIL_B,
EurestDining				EUREST_DINING_11076304,EUREST_DINING-11076304,
EuropanCafe				Europan_Cafe_Llc_Q41,
Expedia					EXPEDIA,Expedia,
ExpressShuttle				EXPRESS_SHUTTLE,Express_Shuttle,
ExtendedStay				EXTENDEDSTAY,Extendedstay,
ExtremeCoup				EXTREMECOUP,
ExxonMobil				EXXONMOBIL,Exxonmobil,
F&BNassau				Smg_F&b_Nassau_Col,
F&MItaly				F_&_M_ITALY_SARL,
FAOSchwarz				FAO_SCHWARZ,
FED_WIRE_CREDIT				FED_WIRE_CREDIT,
FEE:_INCOMING_DOMESTIC_WIRE		FEE:_INCOMING_DOMESTIC_WIRE,
FNALDayCare				Online_Payment_3296732815_To_Fer,To_Fer,
FOREIGN_REMITTANCE_CREDIT		FOREIGN_REMITTANCE_CREDIT_B/O:_F,
FWCLicenseSales				FWC_LICENSE_SALES,
FacheIndustries				FACHE_INDUSTRIES,
FactoryBrandShoes			MC-FACTORY_BRN_SHS,
FactoryCardOutlet			FACTORY_CARD_OUTLET,
FairOaks				FAIR_OAKS,
FairfieldInn				Fairfield_Inn,
FallenTimbers				Fallen_Timbers,
FamilyFoods				FAMILY_FOODS,FAMILY_FD_255,
FamousFamiglia				Famous_Famiglia_-_Lq66,
Fandango				FANDANGO.COM,
FantasticKids				FANTASTIC_KIDS,
FastFreshItalian			FAST_FRESH_ITALIAN,Fast_Fresh_Italian,
FedEx					FEDEXOFFICE,
FermiResearchHousing			FERMI_RESEARCH_HOUSING,
FermiWorkTravel				Fermi_Research_A_,
Fermilab				FERMI_NATIONAL_A_DIR_DEP,
FermilabCafe				MC-FERMI_LAB,FERMI_LABS_CAFE,Fermi_Labs_Cafe,
FermilabRecreation			FERMILAB_RECREATION,
FieldMuseum				FIELD_MUSEUM,
FigsCafe				Bcg@figs,Bcg_Figs_Cafe,
FinbarrsIrishPub			FINBARRS_IRISH_PUB_,
FirewoodCafe				FIREWOOD_CAFE,
FirstMidwestBank			FEDWIRE_DEBIT_VIA:_FST_MDWST_MOL,
Flavours				Flavours_GE,
FlossmoreStation			FLOSSMOOR_STATION,
FlourBakery&Cafe			FLOUR_BAKERY_&_CAF_CAMBR,
FlughafenTerminal2Munich		FLUGHAFEN_TERMINAL_2__MUENCHEN,
FlyingJ					FLYING_J,
FoodCity				FOOD_CITY,
FoodMasters				FOODMASTERS,
FootwearDeckers				FOOTWEAR-DECKERS_CORP,
ForeignTransactionFee			FOREIGN_TRANSACTION_FEE,
ForestAkersGold				MC-MSU_FOREST_AKERS_GOLF,
ForeverFondue				FOREVER_FONDUE,
ForeverYogurt				FOREVER_YOGURT,
Fossil					FOSSIL,
FourMountainSports			FOUR-MOUNTAIN_SPORTS,
FoxAndHound				FOX_&_HOUND,
FoxValleyMall				4100_FOX_VALLEY_CENTERAURORA,
FranklyGourmet				FRANKLY_GOURME30402QPS,
FreshensOfCapeCod			FRESHENS_OF_CAPE_COD,
FrieldsOfTheZoo				FRIENDS_OF_THE_ZOO_QPS,
Friendlys				FRIENDLY_ICE_CREAM,
FrontStreetCantina			Front_Street_Cantina,FRONT_STREET_CANTINA,
FronteraGrill				FRONTERA_GRILL20258349,
Frontier				FRONTIER,
Fun4All					FUN4ALL,
FunThings				FUN_THINGS_ETC_LLC,
FungWahBus				FUNG_WAH_BUS,KING_WAH_EXPRESS,Fung_Wah_Bus_617-3381163_Ma,
FunivieDelPiccolo			FUNIVIE_DEL_PICCOLO,
GIORDANOS				GIORDANO'S,
GNC					GNC,
GalaxyStores				GALAXY_STORES,
Gap					GAP,Gap,225_MAIN_STR/225_MAIN_ST,
GardenerSupplyCo			Agr*gardener_Supply_Co,
GarnetHill				GARNET_HILL,
GasMart					Gas_Mart_38,
GatewayArch				GATEWAY_ARCH,
GatewayBakeShop				GATEWAY_BAKE_SHOP_TIM,
Geico					GEICO,Geico_,
Genesis					GENESIS,
Geordanes				Geordanes,
GermanGuyInHarlem			GermanGuyInHarlem
Getty					Getty_58295001,
GettyOil				GETTY_,
GiantFood				GIANT_FOOD,
GimmeCoffee				GIMME_COFFEE,
GinnysHallmark				GINNY'S_HALLMARK,
Giordanos				GIORDANOS,
GlassHalfFull				Glass_Half_Full,
GloriousBritain				GLORIOUS_BRITAIN,
GoGoAir					GOGOAIR.COM,
GoRoma					GO_ROMA,
GoebbertsFarm				GOEBBERTS_FARM_AND_GAR,
GoldenAgeCollectable			GOLDEN_AGE_COLLECTABLE,
Goodies					GOODIES,
GoodmanTheatre				GOODMAN_THEATRE,Goodman_Theatre,
GoodyearAutoServiceCenter		GOODYEAR_AUTO_SVS_CTR,
GooseIsland				GOOSE_ISLAND,
Gotskinds				GOTSKINDS_NAPERVILLE_I,GOTSKINDS_SHOES_AND_CL,Gotskind's_Shoes_&_Clo,
GourmetBurgerBistro			GOURMET_BURGER_BISTRO,Gourmet_Burger_Bistro,
GovernmentCenterParking			GOVERNMENT_CENTER,Government_Center,
GraceHarold				To_Gra,
GraceHsu				GraceHsu
GraciesCorn				GRACIESCORN,
GrainAndWineSpirit			GRAIN_AND_VINE_SPIRIT,
GreatAMSteak				GREAT_AM_STEAK_&_POQ02,
GreatAmericanBagel			GREAT_AMER_BAG20251302,
GreatClips				GREAT_CLIPS,
GreatHarvest				GREAT_HARVEST,
GreenCactusGrill			GREEN_CACTUS_GRILL_OF,GREEN_CACTUS_GRILL_QPS,
GreenLeafeCafe				Green_Leafe_Cafe,
GreenPeaceUSA				GREENPEACE_USA,
Greenberrys				GREENBERRY'S,
Greyhound				Gli*greyhoundlines1508_214-849-8966_Tx,
GringosCantina				GRINGOS_CANTINA_INC,
Groupon					GROUPON_INC,
Guggenheim				GUGGENHEIM,
GulfOil					GULF,Gulf_Oil,
Gymboree				GYMBOREE,
HLAAWalk4Hearing			HLAA_WALK4HEARING,
HMS					HMS_SCHIPHOL,HMS_HOST,HMSHOST,Hms_Host,Hmshost-lax-air,
HSBC					HSCB-EMPTYPAYEE,
HSBCDirect				HSBC_DIRECT,
HSBCInterestPaid			HSBC-INTEREST_PAID,HSBCInterestPaid,
HSBCTransfer				HSBC-ONLINE-TRANSFER,HSBC_ONLINE,Hsbc_Online,HSBCOnlineTransfer,HSBCTransfer,
HaagenDazs				HAAGEN_DAZS,
HaakonsHall				HAAKON'S_HALL,
HairCuttery				HAIR_CUTTERY,
HairCutty				Hair_Cuttery,
HamptonInn				HAMPTON_INN_GERMNTWN12,HAMPTON_INN_NEWPORT_NE,
HannaAndersson				HANNA_ANDERSSON,
Hannaford				Hannaford,
Hardees					Hardees,HARDEE'S_1500717,
HartleyPharmacy				Hartley_Pharmacy,
HavanaCentral				Havana_Central_At_The_New_York_Ny,Havana_Central_At_The,
HeavonOnSeven				HEAVEN_ON_SEVEN_NAPERV,Heaven_On_7_Napervi,
Heifer					HEIFER_INT,
Heights					HEIGHTS_BAR_GRILL,
HeightsBarAndGrill			Heights_Bar_Grill,
Hess					HESS,
HighEnergyBoutique			High_Energy_Boutique,
HiltonHotel				HILTON_HOTELS,HILTON_HOTEL_ROCKVILLE,
HolidayInn				HOLIDAY_INN_EXPRESS_CO,
HollywoodPalmsCinema			HOLLYWOOD_PALMS_CINEMA,
HomeDepot				THE_HOME_DEPOT,
HomeMortagePayment			WF_HOME_MTG,
Homegoods				HOMEGOODS,
Honda					HONDA,
HoneyDewDonuts				Honey_Dew_Donuts,
HotelDiStefano				HOTEL_DI_STEFANO,
HotelMuencher				MC-HOTEL_MUENCHNER_HOF,
Hotels.com				HOTELS.COM,
HoundDogs				HOUND_DOGS,
HouseDownPayementInterest		INTEREST_PAID_FROM,
HouseDownPayment			House_Down_Payment,
HoweTravelPlaza				HOWE_TRAVEL_PLAZA,
HudsonNews				HUDSON_NEWS,Hudson_News_O'hare_Jv,Hudson_News-_Los_Angel,Hudson_News_Ph_68,Hudsonams_Aei_Jfk_Ter2,HUDSON-KEELEE_JFK_7_JV,
HumanRightsCampaign			HUMAN_RTS_CAMPAIGN_WEB,
HunanBalcony				Hunan_Balcony,Hunan_Balcony_2128650400_Ny,
HuntingtonCountryInn			Huntington_Country_Inn,
HyannisSportscards			HYANNIS_SPORTSCARDS_IN,
Hyatt					HYATT_HOTEL,
HyattRegency				Hyatt_Regency_Riverfro,
IKEA					IKEA_,Ikea,
IMURiverRoom				IMU_RIVER_ROOM,
INCOMING_DOMESTIC_WIRE_FEE		INCOMING_DOMESTIC_WIRE_FEE,
INCOMING_FOREIGN_WIRE_FEE		INCOMING_FOREIGN_WIRE_FEE,
INTEREST_CHARGE_REVERSAL		INTEREST_CHARGE_REVERSAL,
IPASS					IPASS_AUTOREPLENISH,
IPass					I-PASS,
IQFresh					UOFA_IQ_FRESH,
IRAInvestment				Vgi-Tgtret2045,VGI-TGTRET2045,VGI-TTL_IX_INV,
IRS					IRS,
IdolGivesBack				Idol_Gives_Back_Eif_800-2463469_Ca,
IlTollway				IlTollway
IllinoisBarAndGrill			ILLINOIS_BAR_&_GRILL,
IllinoisDMV				IllinoisDMV
IllinoisHealthAndHumanServices		IllinoisHealthAndHumanServices
IllinoisSecOfState			ILSECOFSTATE,IL_WEB_PLATE_RENEWAL,SOS_INTERNET_VEHICLE,
IllinoisTollway				IL_TOLLWAY-CALL_CTR_A,Il_Tollway-call_Ctr_A,
Illy					ILLY,
IndecorPaint				INDECOR_EPAINT_JC_LICH,
IndependentLivingAid			INDEPENDENT_LIVING_AID,
IndianHarvest				Indian_Harvest,INDIAN_HARVEST,
IndoChineVietnamese			INDOCHINE_VIETNAMESE,
IndusValley				Indus_Valley_Restauran,
IndusValleyRestaurant			INDUS_VALLEY_RESTAURAN,
InstituteofReading			INSTITUTE_OF_READING_D,
InterMarche				INTERMARCHE,
InternationalServiceFee			INT'L_SERVICE_FEE,
InternationalWines			INTERNATIONAL_WINES,International_Wines_&,International_Wines_An,
IrvingBlueCanoe				Irving_Bluecanoe,
IslipAirport				ISLID_AIRPORT,
IthacaScienceCenter			SCIENCENTER,
IvyLeagueStationary			IVY_LEAGUE,
J&RSound				J&R_SOUND/MAILORDER,
JAGroup					JAGROOP_S/S,
JCrew					J._CREW,J_CREW,J._Crew,
JFKAirport				JFK_INTERNATIO20000QPS_J,
JFKRail					JFK_TVM,
Jagdish					Online_Payment_2833934208_To_Jag,
JalapenoPaintWerx			JalapenoPaintWerx
JambaJuice				JAMBA_JUICE,Jamba_Juice,
JaredGalleriaOfJewelry			Jared_,
JasvaleMart				JASVALE_MART_INC,
JavaCity				JAVA_CITY_COFF10000QPS,
JayMart					Jay_Mart_South,
JeanAtColumbia				JeanAtColumbia
JeffEllisManagement			JEFFELLISMANAGEMENT,
JeffersonScienceAssociates		JEFFERSON_SCIENCE_ASSO,
JessaPess				JESSAPESS,
JetRoc					JetRoc
JetRock					JET_ROCK,Jet_Rock_C_Lga_Termina,Otg_Management_Jet_Roc,
JewelOsco				JEWEL,Jewel-osco,
JiffyLube				JIFFY_LUBE,Jiffy_Lube,
JimBestDOPC				JIM_BEST_DOPC,
JimmyJohns				JIMMY_JOHN,Jimmy_Johns,
Jimmys					JIMMYS_ON_THE_PARK,
JimmysGrill				JIMMY'S_GRILL,
Jockey					JOCKEY_STORE,
JoeMamas				JOE_MAMA'S,
JohnnyCarinos				JOHNNY_CARINOS,
JoseCuervo				JOSE_CUERVO_TE12200556,
Journeys				JOURNEYS,
JuscoyaGoto				JUSCOYAGOTO,
KFC					KFC,
KaboozsBar&Grill			Kaboozs_Bar_&_Grill,
KahunaBusiness				Kahuna_Busines/1225_Amste,
KateSpade				KATE_SPADE,
Kebabaluba				KEBABALUBA,
KernelGourmetPopcorn			KERNEL_GOURMET_POPCORN,
Kickstarter.com				KICKSTARTER_COM,
KidsTown				KIDS_TOWN,
Kidwoot.com				KIDWOOT.COM,
KillKullen				King_Kullen,
KimSMediapolis				Kim_S_Mediapolis,
KingsSupermarket			KINGS_SUPERMARKET,Kings_Supermarket,
KingstonAlley				KINGSTON_ALLEY,
Kohls					WWW.KOHLS.COM,KOHL'S,
Kphant					KPHANT,
KushiesBabyUsa				KUSHIES_BABY_USA_INC.,
LIPA					Lipa_Directpay,LIPA,
LIRR					LIRR_TVM,Lirr_Tvm,LIRRNY,
LLBeam					LL_BEAN,
LLNL_REGISTRATION_FEES			LLNL_REGISTRATION_FEES,
LMRestaurants				Lm_Restaurants_Cary_Nc,
LaBonneBoulangerie			LA_BONNE_BOULANGERIE,La_Bonne_Boulangerie_Port_Jefferso_Ny,La_Bonne_Boulangerie,LA_BONNE_BOULANGER,
LaBoulanger				LA_BOULANGER,
LaBrea					LA_BREA_S,
LaGuardiaAirport			LGALOT,LGALOT2/02,LGALOT5/05,LAGUARDIA_AIRP30000QPS,LAGUARDIA_AIRPORT,
LaPalapa				LA_PALAPA,
LaVazza					LAVAZZA_F28467,
LachineRapidTours			LACHINE_RAPID_TOURS_LT,
LaguardiaAirport			LaguardiaAirport
LainiesWay				LAINIE'S_WAY,
LakeTahoeFood				SV_PRESERVE_FOOD_AND_B,
LakesiteServiceCenter			LAKESITE_SVC_CTR_INQPS,
LalosMexican				LALO'S_MEXICAN,Lalo's_Mexican,
LamazeClass				LamazeClass
LandsEnd				LANDS_END_CLOTHING,LANDS_END,
LandsideFC				LANDSIDE_FC_BA10195733,
LannaThai				LANNA_THAI,
LasPalmas				LAS_PALMAS,Las_Palmas_3_Naperville_Il,Las_Palmas_3,
LastStopRestaurant			LAST_STOP_RESTAURANT,
LaughFactory				W_F_LAUGH_FACTORY,
Lavgrant				LAVGRANT,
LawrenceTKacmarMd			Lawrence_T_Kacmar_Md,
Le					Le_New_Ny,
LeBusCafe				LE_BUS_CAFE,
LeChocolatDuBouchard			LECHOCOLAT_DU_BOUCHARD,
LeMonde					LE_MONDE,Le_Monde,
LeSaintBock				LE_SAINT-BOCK,
LeapFrodCafe				Leap_Frog_Cafe41213q99,
LemonleafGrill				LEMONLEAF_GRILL,
LensCrafters				LensCrafters__10001527,LensCrafters,
LifeIsGood				LIFE_IS_GOOD,
LifeTouchSchoolPortraits		LIFETOUCH_NSS_ONLINE_P,LIFETOUCH_PHOTOGIFTS,LIFETOUCH_PRESCHOOL,
LighthouseInn				Lighthouse_Inn_Restaur,
LimitedStores				LIMITED_STORES,
LincolnSquare				Lincoln_Sq_Imx07021q02,
LisaPinto				LISA_A_PINTO_PSY_DPC,
LittleFairyWings.com			LITTLEFAIRYWINGS.COM,
LittleThaiRestaurant			LITTLE_THAI_RESTAURANT,
LivingRoomOfLaJolla			LIVING_ROOM_OF_LA_JOLL,
Loehmanns				LOEHMANN'S,
LoneStar				MC-LONE_STAR-BATT00142158,
LongwoodGardens				Longwood_Gardens_Terra,
LorisDesignerShoes			LORI'S_DESIGNER_SHOES,Lori's_Designer_Shoes,
Los					LOS_,LOS,Los,
LowEBlueBurSaltLakeCity			Low_E_Blue_Bur30552q19_Salt_Lakecity_Ut,
Lowes					LOWES,Lowes,
LubePros				Lube_Pro's,Lubepros,
LuigiStefani				LUIGI_STEFANI_PIZZERIA,
LuigisHouse				LUIGI'S_HOUSE,
LukOil					LUKOIL,
Lux					Www.skype.com_Internet_Lux,
LylasCafe				LYLAS_CAFE,Lylas_Cafe,
MDenOnCampus				M-DEN_ON_CAMPUS,
MGHParking				MGH_PARKING_YAWKEY,
MINIMUM_INTEREST_CHARGE			MINIMUM_INTEREST_CHARGE,
MTA					MTA_MVM,MTA_VENDING,Mta_Mvm,
Macys					MACY'S,MACY*S,
MadAnthonysSeattle			ANTON_MAD_ANTH32278566,
MaggieIsland				MC-MAGGIE_ISL,
MaidBrigade				MaidBrigade
MainStreetBakery			MAIN_STREET_BAKERY,
MainStreetCafe				MAIN_STREET_CAFE,
Maine					Maine,
MaizeAndBlueDelicates			MAIZE_&_BLUE_DELICATES,
MalloysFinestWines			MALLOYS_FINEST_WINE_AN,
MamaLombardis				MAMA_LOMBARDI'11453396,
MandLAutoCare				M_&_L_AUTO_CARE,
MappsCoffee				MAPPS_COFFEE,
MarathonOil				MARATHON_OIL,Marathon_Oil,MARATHON_PETRO,MARATHON_PETRO156836,
MarktOnLadiesMile			MC-MARKT_ON_LADIES'_MILE,
MarthaVandeWater			MarthaVandeWater,
MartignettiLiquors			MARTIGNETTI_LIQUORS,
Martin's				Martin's,
MartiniBar				MARTINI_BAR,
MartinsNewsShops			MARTINS_NEWS_SHOPS_-_T,
MaryBethMcLaughlin			MaryBethMcLaughlin,Online_Payment_3671486907_To_Mar,
MassBayCompany				MASS_BAY_CO.,MASS_BAY_COMPANY_INC,
MataFactorCafe				MATA_FACTOR_CAFE,
MauiBanyan				Maui_Banyan_Vacation,Maui_Banyan_Vac_Club,
MauiBanyon				MAUI_BANYAN_VAC_CLUB,
Max&Millie				MAX_&_MILLIE_INC,
MaxCaffe				Max_Caffe,
MayoraCoffee				MAYORGA_COFFEE_A_WING,
MayorgaCoffee				MAYORGA_COFFEE_CNT._CO,
McAlistersDeli				MCALISTERS_DELI,
McCormickPlace				MCCORMICK_PLAC,
McDonalds				MCDONALD'S,Mcdonald's_,
MehakCuisineInc				MEHAK_CUISINE_INC,
Meijer					MEIJER,Meijer_Inc,
MeltEmersoy				MELTEMERSOY,
Menards					MENARDS,Menards_3505,Menards_Naperville,
MesonSabika				MESON_SABIKA,Meson_Sabika,
MetroNorth				METRO-NORTH,
MexToGo					MEXTOGO,
Michaels				Michaels
MichaelsMarket				MICHAEL'S_MARKET,MICHAEL'S,MICHAELS,
MichiganStateUniversity			MICHIGAN_STATE_UNIVERS,Msu_Owen_Graduate_2193,Msu_Spartys_Dcl_2226,
MidcoastKayak				Midcoast_Kayak,
MiddleKingdomInc			MIDDLE_KINGDOM_INC,
MikesMechanics				MIKE'S_MECHANICS,Mike's_Mechanics,
MilanoMarket				MILANO_MARKET,MILANO_MARKE/MILANO_MARK,
MillKoreanRestaurant			MILL_KOREAN_RESTAURANT,
MillersPub				Millers_Pub,
MollickEtraEtra				MOLLICK_ETRA_&_ETRA_&,
MonkeyJoes				MONKEY_JOES,
MooresGourmetMarket			Moore's_Gourmet_Market,
MorningsideBO				MC-MORNINGSIDE_BO79400016,Morningside_Bo79400016,
MortonArboretum				THE_MORTON_ARBORETUM,
MortonWilliams				MORTON_WILLI,Morton_Williams,
Motel6					MOTEL_6,
Motherhood				MOTHERHOOD,
MoutainNectar				MOUNTAIN_NECTAR,
MowItAll				MowItAll
MrsFieldsCookies			MRS_FIELDS_COOKIES,
MughlaiIndian				MUGHLAI_INDIAN_CUISINE,
MuseumOfNaturalHistory			Museum_Nat_Hist_Ticket,
MuseumOfScienceBoston			MUSEUM_OF_SCIENCE_BOSTON,MUSEUM_OF_SCIENCE_BOST_B,
MysticAquarium				MYSTIC_AQUARIUM,MYSTIC_AQUARIUM_AND_IN,
NCOFinancialSystems			NCO_FACS_51/48/62,
NHGenevaAirportHotel			NH_Geneva_Airport_Hote,
NIUOutreach				NIU_OUTREACH,
NPR-Chicago				CHICAGO_PUBLIC_MEDI,
NYCParkingGarage			99_PARK_AVENUE_CORP,
NYCTaxi					Nyc-taxi,Nyc_Taxi_Med_1A21_Q_516-932-5609_Ny,Nyc_Taxi_Med_8B65_Q_516-333-7854_Ny,
NapervilleEducationFoundation		NAPERVILLE_ED_FDN,
NapervilleParkDistrict			NAPERVILLE_PARK_DISTRI,
NapervillePublicLibrary			NAPERVILLE_PUBLIC_L,
NapervilleSchoolDistrict		NapervilleSchoolDistrict
NationalExprees				NATIONAL_EXPRESS,
NationalGrid				National_Grid,NATIONAL_GRID-,
NationalMilitaryFamilyAssociation	NATIONAL_MILITARY_FAMI,
NaturalHear				NATURALHEAR,
NawabIndian				NAWAB_INDIAN_CUISINE,Nawab_Indian_Cuisine,
NayyarSons				NAYYAR_SONS,Nayyar_Sons,
Nespresso				NESPRESSO,Nespresso_,
Netflix					NETFLIX,
NewHampshireEZPass			NH_TURNPIKE_E-Z_PASS,
NewJerseyDevils				New_Jersey_Devils_Cq83,New_Jersey_Devils_Rest,
NewJerseyTransit			NJT_NY_PENN_STATION_TV,Njt_Mrrstwn_Trnstn_Tvm,Njt_Ny_Penn_Station_Tv,NJT_NWK-INT_AIRPORT_TV,
NewYorkAquarium				New_York_Aquarium,
NewYorkState				NY_STATE,
NewYorkStateDMV				NEW_YORK_STATE_DMV,New_York_State_Dmv,
NewYorkStateTaxes			NYS_TAX_&amp;_FINANC_PIT_PYMT,NYS_TAX_&_FINANC_PIT_PYMT,
NicorGas				NCO*NICOR_GAS,NORTHERN_ILLINOI_PAYMENT,Nicor_Gas,NICOR/NCO,
Nintendo				NINTENDO_WII,
NoodlesAndCo				NOODLES_&_CO,NOODLES__CO,NOODLES,NOODLESCO,Noodles_&_Co,
NorthForkBank				NORTH_FORK_BANK,
NorthernPond				NORTHERN_POND,
Novecento				Novecento,
Ntrigue					NTRIGUE_OF_NEW_YORK,NTRIGUE_OF_PT_JEFFERSO,Ntrigue_Hair_Studio,
NtrigueHairStudio			NTRIGUE_HAIR_STUDIO,
NussbaumAndWu				Nussbaum_&_Wu_Bakery,Nussbaum_&_Wu,
OBriensPub				OBRIENS_PUB_&_GRILL,
OChaTeaBar				O_CHA_TEA_BAR,
ORB					MC-ORB_AP190101VGV4HQE3,ORB_8KPU3U__XXXXXXXXXXXXXXXXXXXXXXXXXXXX,
OTGManagementJFK			OTG_MANAGEMENT_JFK,
OTGManagementTuscon			OTGMANAGEMENTTUCSON,OTG_MANAGEMENT_T8,
OUTGOING_DOMESTIC_WIRE_FEE		OUTGOING_DOMESTIC_WIRE_FEE,
OakRidgeAssociatedUniversities		OAK_RIDGE_ASSOCIATED_U,
OakStreetBeachCade			OAK_STREET_BEACH_CAFE,
OberweisDairy				OBERWEIS_DAIRY,
ObriensRestaurant			Obriens_Restaurant,
Oceans5Seafood				OCEANS_5,
OceansPizzeria				OCEANS_PIZZERIA,
OfficeMax				OFFICE_MAX,
OhareAirport				COC_O'HARE_--A_B_C_LOT,O'HARE_--_A_B_C_LOT,
OilXchange				OIL_XCHANGE,Oil_Xchange_Of_Warrenv,
OldNavy					OLD_NAVY,
OlliesNoodleShop			OLLIES_NOODLE_SHOP,Ollies_Noodle,
OlympicNews				OLYMPIC_NEWS,
OnTheBorder				ON_THE_BORDER,
OnTheRocks				ON_THE_ROCKS,
OneStepAhead				ONESTEPAHEAD_LEAPSBNDS,
OnlySki					ONLY_SKI,
OpenRange				OPEN_RANGE_AMERICA,
OpeningBalance				Opening_Balance,
OshKosh					OSH_KOSH,OSHKOSH,
OswaldsPharmacy				OSWALD'S_PHARMACY,
Outback					OUTBACK,Outback,
P&C					P_&_C,
PBAleHouse				PB_ALE_HOUSE,
PJCinemas				PJ_CINEMAS,Pj_Cinemas,
PJClarkes				P.j._Clarkes_At_Li,
PJVillageGrocery			P_J_VILLAGE_GROCERY,P_J_Village_Grocery,VILLAGE_GROCERY,
PacificaSuites				Pacifica_Suites,
PacosTacos				Pacos_Tacos,
PagliaciPizza				PAGLIACI_PIZZA,
PalJoeys				Pal_Joeys_West,
Palomino				PALOMINO,
PancherosMexicanGrill			PANCHERO'S_MEXICAN_GRI,
PanchoVillas				Pancho_Villas-huntingt,
PandaExpress				PANDA_EXPRESS,Panda_Express_1015_Qae,
PaneraBread				ST_LOUIS_BREAD,PANERA_BREAD,Panera_Bread,
PaninoSportivo				Panino_Sportivo,
PapaJohns				PAPA_JOHNS,PAPA_JOHN'S,Papa_Johns,PAPAJOHNS,
Paradies				PARADIES,
ParadiseBakery&Cafe			PARADISE_BAKERY&CAFE,
ParkGateParking				PARK_GATE_PARKING_INC,
PaulVandeWater				PaulVandeWater,
PavilionIndian				PAVILION_INDIAN_CUISIN,
PeachesNaturalYogurt			PEACHES_NATURAL_YOGU_254,
PearleVision				PEARLE_VISION,
PediatricCardiology			PEDIATRIC_CARDIOLOGY_O,
PeeryHotel				Peery_Hotel,
PeetsCoffee				PEET'S,PEETS,
PekingUniversity			PEKING_UNIVERSITY,
PelanchosMexicanGrill			PELANCHOS_MEXICAN,
PentagonCity				1000_S_HAYES/1000_S_HAYE,
PenzeysSpices				PENZEYS_SPICES,
PetersonSpirits				PETERSON_SPIRITS_&_FIN,
Phils					Phil's_At_Judge's_Hote,
Piccolo					PICCOLO_SAN_BERNARDO,
PilgrimMonument				Pilgrim_Monument_And_P,
Pinkberry				Pinkberry-,PINKBERRY-2873BROADWAY,
Pinnacle				MC-PINNACLE,
PitaHouse				PITA_HOUSE,
PittsburghBagalFactory			PITTSBURGH_BAGEL_FACTO,
PizzaHut				PIZZA_HUT/SALSARITAS,
PizzeriaUno				PIZZERIA_UNO,
PlanesMovingAndStorage			PlanesMovingAndStorage
Polo					POLO,
Popeyes					POPEYES,POPEYE'SCHICKEN&BISQQP,Popeyes_Oh-tpk11240q19_Amherst_Oh,
PortJeffFerry				BRIDGEPORT_&_PORT_JEFF,Bridgeport_&_Port,
PortJeffersonBeverage			PORT_JEFFERSON_BEVERAG,Port_Jefferson_Beverag,PORT_JEFF_BEVERAGE_PORT,PORT_JEFF_BEVERAGE,
PortJeffersonFrigate			Port_Jefferson_Frigate,
PortageShell				PORTAGE_SHEL/6259_MELTON,
PortoBello				PORTO_BELLO_RISTORANTE,
PostalSavings				POSTAL_SAVINGS(215700)AICHI,
Potbelly				POTBELLY,Potbelly,
PotteryBarn				POTTERY_BARN,
PotteryBarnTeen				PB_TEEN_E-COMMERCE,
PotteryBayou				Pottery_Bayou,
PremiereClasse				PREMIERE_CLASSE,
Priceline				PRICELINE.COM,Pln*priceline.com_Air_800-340-0575_Ct,
PrimierTitle				PrimierTitle
PrincessByMomBoutique			PRINCESS_BY_MOM_BOUTIQ,
PriyaIndian				PRIYA_INDIAN,Priya_Indian,
PrizmBehavioral				PRIZM_BEHAVIORAL,
ProHealth				ProHealth,PROHEALTH,
PublicStorage				Public_Storage,
PumaOutletStore				The_Puma_Outlet_Store,THE_PUMA_OUTLET_STORE,PUMA_INC,
PumpItUp				PUMP_IT_UP,
Qdoba					QDOBA,Qdoba,
QuestDiagnostic				QDI*QUEST_DIAGNOSTIC_866,
QuickCenter				QUICK_CENTER,
Quiznos					QUIZNOS,QUIZNO'S,Quiznos_Sub,
R2F5579EXKI_2F_1			R2F5579EXKI_2F_1,
REI					REI_138_CARLE_PLACE,
REMOTE_ONLINE_DEPOSIT			REMOTE_ONLINE_DEPOSIT,
REVERSE_DEBIT_CARD_PROVISIONAL_CREDIT	REVERSE_DEBIT_CARD_PROVISIONAL_C,
RadioPerfecto				RADIO_PERFECTO,Radio_Perfecto,
RadioShack				RADIOSHACK,
RadissonHotel				RADISSON_HOTELS,
RailEurope				RAIL_EUROPE,
Ralphs					RALPHS,
RealMacSoftware				DRI*REALMAC_SOFTWARE,
RedBox					REDBOX,
RedBubble.com				REDBUBBLE.COM,
RedCross				AM_RED_CROSS_DONATION,
RedDoorTavern				RED_DOOR_TAVERN,
RedHarkBar&Grill			RED_HAWK_BAR_&_GRILL,
RedMango				RED_MANGO,Red_Mango,
RedRobin				RED_ROBIN,Red_Robin,
RedRoofInn				RED_ROOF_INNS,Red_Roof_Inns,
RegalCinemas				REGAL_CINEMAS,REGAL_CANTERA_30,REGAL_PINNACLE,STONY_BROOK___07021,Stony_Brook___07021,
Relay4152Midway				RELAY_4152,
RenaissanceHotels			RENAISSANCE_HOTELS_F/B,
ResidenceInn				RESIDENCE_INNS,
ReyesTung				REYES_TUNG,
RezaOnOntario				MC-REZA'S_ON_ONTARIO,
RibCityAleHouse				RIB_CITY_ALE_HOUSE_PORT,
RidgeOil				RIDGE_PETROLEUM,
RistoranteKingsCafe			RISTORANTE_KING'S_CAFE,
RiteAid					RITE_AID,Rite_Aid,
RiverplaceRealty			RiverplaceRealty
Riverside				Online_Payment_3352458789_To_Riv,
RiversidePsychiatric			RIVERSIDE_PSYCHIATRIC,
RiverwalkPizza				RIVERWALK_PIZZA,
RobertMowinney				RobertMowinney
RochambeauWinesAndLiquors		ROCHAMBEAU_WINES_AND_L,
RockBottom				ROCK_BOTTOM,RB-WARRENVILLE,Rock_Bottom,
RomaDs					ROMA_D'_ITALIA,Roma_D',
Romios					ROMIO'S,
RotiRolls				Suite_Roti_Rolls,SUITE_ROTI_ROLLS,
Ruby					RUBY,
RubyTuesdays				Ruby_Tuesday_2227,Ruby_Tuesday_7174,
RutgersAthletics			Rutgers_Athletics,
RuthHitSomeonesTailight			RuthHitSomeonesTailight
SLACCafe				EPICUREAN@SLAC_CAFE,EPICUREAN_GROUP,
SLACGuestHouse				STANFORD_GUEST_HOUSE,STANFORD_SLAC_CONF_01,
SPAQMontreal				SPAQ_/_BIBLIOTHEQUE_NA,
Safeway					SAFEWAY,
SalsaSalsa				SALSA_SALSA,Salsa_Salsa,
SamGol					SAM_GOL,
Samsonite				SAMSONITE,
SanDiegoZoo				SD_ZOO_-ALBERTS,SD_ZOO_-CANYON_CAFE,SD_ZOO_-SYDNEYS/FS,SD_ZOO_-ZOO_STORE,
SangamRestaurant			SANGAM_RESTAURANT,
SaraHiggins				SARA,
Sbarro					SBARRO,
ScarecrowVideo				SCARECROW_VIDEO,
SchenkQuickStop				SCHENCK_QUICK_STOP,
ScholasticBookClub			SCHOLASTIC_BOOK_CLUB,
SchwartzOBGYN				SchwartzOBGYN
ScottLantz				SCOTT_LANTZ,
Sears					SEARS,
SeasideCafe				Seaside_Cafe,
SeattlesBestCoffee			SEATTLES_BEST_COFFEE,
Seaworld				SEAWORLD-CA_6192253284,SEAWORLD_CA_6192253QPS,
SecondCup				SECOND_CUP,
Seiko					Seiko-the_Company_Stor,
SellMyTimeShareNow			Sell_My_Time_Share,
SequenomMolecular			SEQUENOM_MOLECULAR,
ServiceDirectionsInc			Service_Directions_Inc,
SetauketVillageDiner			Setauket_Village_Diner,
SezzMedi				SEZZ_MEDI,Sezz_Medi,
ShadeClothing				SHADECLOTHING.COM,
ShawnMBolgerLtd				ShawnMBolgerLtd
SheddAquarium				SHEDD_AQUARIUM,JOHN_G_SHEDD_,
ShellOil				SHELL_OIL,SHELL_FJ_ACCESS_NAPIER,Shell_Oil,
ShellWarehouse				SHELL_WAREHOUSE,
Shopzoo.com				SHOPZOO.COM,
Shultzys				SHULTZY'S_SAUSAGE,
ShuttleExpress				SHUTTLE_EXPRESS,
SierraTradingPost			SIERRA_TRADING_POST,SIERRA_TRADING_POST_CO,
SilverStateFoodMart			SILVER_STATE_FOOD_MART,
SimplyGourmet				SIMPLY_GOURMET,
SivanaSalon				SIVANA_SALON,
Skechers				Skechers-usa,
SloppyJoesBar				SLOPPY_JOE'S_BAR,
SmithtownToyota				SMITHTOYOTA,Smithtoyota_6317243300,
SoYouThinkYouCanDance			Tm_*So_You_Think_You_C_212-307-7171_Ny,
SocieteDeVeloEnLib			SOCIETE_DE_VELO_EN_LIB,
SoftAsAGrape				SOFT_AS_A_GRAPE,Soft_As_A_Grape_Hyanni,
SoldierField				SOLDIER_FIELD,
Solstice				CAFE_SOLSTICE,
SoundCatering				SOUND_CATERING,
Southwest				SOUTHWES,Southwes,
Spartys					MC-MSU_SPARTYS_DCL_2226,
SpatsBar				Spats_Bar,
Speedway				SPEEDWAY,Speedway,
Split					Split,
Sportograph				Sportograph
SportsScene				SPORTS_SCENE_T10196657,
StElmosCoffee				ST_ELMOS_COFFEE,ST._ELMOS_COFFEE,
StJudes					ST_JUDE_INTERNET_DNTN,St_Jude_Research_Hospi_800-8226344_Tn,
StarMarket				Star_Market,
Starbucks				STARBUCKS,STARUBUCKS,Starbucks,
StateFarm				STATE_FARM_INSURANCE,STATE_FARM_RO_08,
StateOfIllinois				State_of_Ill,
SterlingPear				STERLING_PEAR,
SteveMadden				STEVE_MADDEN,
StirCrazy				STIR_CRAZY,Stir_Crazy,
StonyBrookCosmeticDentistry		SB_GEN_COSMETIC_DENTIS,STONY_BROOK_COSMETIC_D,
StonyBrookFamilyMedice			STONYBROOK_FAMILY_MED,
StonyBrookStudentAffairsCenter		SBU_SAC,
StonyBrookTickets			TICKETS*_SBU,
StonyBrookUniversity			StonyBrookUniversity,
StonyBrookUniversityHospital		SBU_UNIVERSITY_HOSPITA,
StonybrookChildrensHospital		STONYBROOK_CHILDRENS,
StopAndShop				STOP_&_SHOP,Stop_&_Shop,
StopLiquors				STOP_1_LIQUORS,
StrideRite				STRIDE_RITE,
SuCasa					SU_CASA,
Sublet.com				SUBLET.COM,
SubsConscious				SUBCONSCIOUS,SUBSCONSCIOUS,Subconscious,
SuburbanMaternalFetalMedicine		SUBURBAN_MATERNAL_FETA,
Subway					SUBWAY,Subway,
SuffolkOBGYN				SUFFOLK_OBGYN_LLP,Suffolk_Obgyn_Llp,
SugarCafe				Sugar_Cafe,
SunCorners				Sun_Corners_Service_Ce,
SunkenMeadowStatePark			SUNKEN_MEADOW_STATE_PA,
Sunoco					Sunoco_Svc_Station_E_Brunswick_Nj,
SunocoOil				SUNOCO,
SunriseQ17Gas				Amittyville_Sunriseq17,
SuperLube				SUPERLUBE,SUPER_LUBE_OF_WARRENVI,
SuperShuttle				SUPERSHUTTLE-EXECUCART,SUPERSHUTTLE_EXECUCARS,SUPERSHUTTLE_EXECUCARB,
SuperShuttleMN				SUPERSHUTTLE_EXECUCARM,
SurLaTable				SUR_LA_TABLE_NAPERVILL,55_S_MAIN_ST_STE_119,
Sura					Sura,SURA,
SweetMariasCoffee			Sweet_Maria's_Coffee_I_8888765917_Ca,
SymantecSony				DR_*SYMANTEC_SONY,
SyracuseUniversity			SYR*UNIV-PHYSICSCONF,
SysParkingLemoy				SYSPARKING_LEMOY,
T1MedalistBarJFK			T1_MEDALIST_BA10430QPS,
TGIFridays				Tgi_fridays,
TIAACashContribution			TIAACASHContribution,
TIAACashDividends			TIAACASHDividends,
TIAACashLongTermCapitalGains		TIAACASHLong-term_capital_gains,
TIAACashShortTermCapitalGains		TIAACASHShort-term_capital_gains,
TIBMercerSt				Tib-mercer_St.,
TJMaxx					TJMAXX,
TRANSACTION_FEE				TRANSACTION_FEE,
TacoBell				TACO_BELL,Taco_Bell,
TacoBron				TACO_BRON,
TaisRestaurant				TIAS_RESTAURANT_&_BAR,
Talbots					TALBOTS,
Tamomaro				TAMOMARO,
TampaMindWorks				201_TAMPA_MINDWORKS,
TangoAngentinean			TANGO_ARGENTINEAN,
Target					TARGET,Target,28201_DIEHL_RD,
TastyWok				TASTY_WOK,
TaxProducts				TAX_PRODUCTS_PE1_SBTPG_LLC,TAX_PRODUCTS_PE4_SBTPG_LLC,
TaxiMagic				TAXI_MAGIC,
TeaCollection				TEA_COLLECTION,
TeaRoom					Tea-Room_Martel_Aeropo,
TeachersCreditUnion			TEACHERS_CU,
TedsMontanaGrill			Ted's_Montana_Grill,TMG051_CHICAGO,Tmg,
ThaiVillage				THAI_VILLAGE,
TheBlackDog				THE_BLACK_DOG_CHAT_GS,
TheBreadFactoryCafe			THE_BREAD_FACTORY_CAFE,
TheCantina				THE_CANTINA,
TheCasualGourmet			THE_CASUAL_GOURMET,
TheCheeseShop				The_Cheese_Shop,
TheChristmasTreeStore			CHRISTMAS_TREE,
TheCornellStore				THE_CORNELL_STORE,
TheFamishedFrog				The_Famished_Frog,
TheGroveChicago				THE_GROVE-CHICAGO,
TheHalfPint				The_Half_Pint,
TheHookerTeaCompany			THE_HOOKER_TEA_COMPANY,
TheLandOfNod				THELANDOFNOD,THE_LAND_OF_NOD,
TheMeltingPot				THE_MELTING_POT,The_Melting_Pot,
TheMilburnHotel				THE_MILBURN_HOTEL,
TheNatureConservatory			The_Nature_Consvncy_Na_7038418764_Va,
TheOldGrapeCellar			THE_OLD_GRAPE_CELLAR,
TheOliveGarden				THE_OLIVE_GARD00015073,The_Olive_Gard00011353,The_Olive_Gard00015073,
ThePie					THE_PIE,The_Pie,
ThePortShop				THE_PORT_SHOP,
TheRepublicOfTea			THE_REPUBLIC_OF_TEA,
TheSecondLandingCafe			THE_SECOND_LANDING_CAF,
TheSoupKitchen				THE_SOUP_KITCHEN,
TheSportsAuthority			THE_SPORTS_A/301_SOUTH_R,
TheVillageWay				The_Village_Way,THE_VILLAGE_AT_SQUAW_U,
TheraProInc				THERAPRO_INC,
TicketMaster				TICKETMASTER,Tm_*Ticketmaster_Inter_215-336-2000_Ny,
Tiffany&Co				TIFFANY_&_CO,
TimHortons				TIM_HORTONS,
Timberland				TIMBERLAND,Timberland,
TitleNine				TITLE_NINE,
Toast					Toast_,Toast,TOAST,
TomPettyConcert				TomPettyConcert
TomThumbOverseasMarathon		TOM_THUMB_SU/10694_OVERS,
TomoSushi				TOMO_SUSHI,Tomo_Sushi,
TonyRomas				TONY_ROMAS_RESTAURANT,
Tortilla				Tortilla,
TownOfSchroon				TOWN_OF_SCHROON_STROTH,
ToyotaCamryFromSteve			ToyotaCamryFromSteve
ToyotaCarPayment			T.M.C.C,
ToyotaOfNaperville			TOYOTA_OF_NAPERVILLE,
ToysInBabeland				MC-TIB-MERCER_ST.,
ToysRUs					TOYS_R_US,
TraderJoes				TRADER_JOE'S,
TravelMart				TRAVEL_MART_NJ10916Q19,Travel_Mart_Nj10916q19_Milltown_Nj,Travel_Mart_Oh11656q19_Swanton_Oh,TRAVEL_MART_NY11106036,
Travelocity				TRAVELOCITY.COM,Travelocity.com,
TrendMicro				TREND_MICRO,
TufanLtd				TUFAN_LTD,
TugboatRestaurant			Tugboat_Restaurant_Boothbay_Harb_Me,
TurboTax				INTUIT_*TURBOTAX,Intuit_*Turbotax_800-446-8848_Ca,
TuscanyCafe				TUSCANY_CAFE,
TwiceSoldTales				TWICE_SOLD_TALES,
TwoBrothersTapHouse			TWO_BROTHERS_TAP_HOUSE,
TyroneHouse				TYRONE_HOUSE,
UBCBookstore				UBC_BOOKSTORE,
UBS					UBS_GE-COINTRIN_586,UBS_GE-COINTRIN_585,
UCSantaBarbara				Ucsb_Crtyd_Cafe_Q01,
UDistrictBookStore			U_BOOK_STORE,
UHaul					U-HAUL_CTR,
UNICEF					US_FUND_FOR_UNICEF,
USAGasStation				USA_GAS_STATION_OF_MID,
USAToday				USA_TODAY,
USAirway				USAIRWAY,
USDepartmentOfEducation			US_DEPT_OF_EDUC,
USOpen					US_OPEN,
USPS					USPS,Usps_Change,
USTA					Usta-conc,
USTreasury				US_TREASURY_312,US_TREASURY_220,
UWInpatientPharmacy			UW_INPATIENT_PHARMACY,
UWMCExpresso				UWMC_LOBBY_EXPRESSO,
UggStore				UGG_STORE,
Uhaul					U-haul_Huntington,U-haulport-jeff-g,U-haul-kings-brid,
UnclePetesPizza				UNCLE_PETES_PIZZA,Uncle_Petes_Pizza,
UnionFoodCourt				UNION_FOOD,
UnionOutTakes				UNION_OUTTAKES,
UnitedAirlines				UNITED,United,
UniversityFoodGrill			UFOOD_GRILL_BOSTON_MA,
UniversityGrill&Pizza			UNIVERSITY_GRILL_&_PIZ,
UniversityHardware			University_Hardware,University_Hardware_,
UniversityHouseware			University_Housewares,
UniversityOfChicagoMedical		UNIVERSITY_OF_CHICAGO,UNIV_CHICAGO_MEDICAL_C,
UniversityOfCinncinnati			UNIV_CINTI_CONF_WWW,
UniversityOfMaryland			UNIV_OF_MD_DINING,
UniversityOfMichigan			US_ATLAS_WORKSHOP_UM,
UniversityOfMinnesota			U_OF_M_CCE_NONCREDIT,
UniversityOfMinnesotaBookstore		U_OF_M-EBANK_BOOKSTORE,
UniversityOfOxford			UNIVERSITY_OXFORD,
UniversityOfUtahWebPayment		UNIVOFUT_WEB_PAYMNT,
UniversityOfWashingtonSalary		UNIV_OF_WASH_____REG_SALARY,
UniversityOfWashingtonTuition		UW_TUITION_______UNIV_OF_WA,UW_TUITION,
UniversityTeriyaki			UNIVERSITY_TERIYAKI,
UniversityofPittsburgh			ACT*University_of_Pitt,
Upkeepers				Upkeepers,
UpperCrustJFK				JFK_UPPER_CRUS,
UrbanTaco				URBAN_TACO,
UsOpen					Fmi-us_Open_2007,
VX510					VX510,
ValdostanaLaThuille			BCC_VALDOSTANA,
Valero					HOLBROOK_VALERO,
VendingAtCocaCola			VEND_AT_COCA_COLA47Q82,VEND_AT_COCA_COLA70Q82,
VeraBradley				VERA_BRADLEY_ECOMMERCE,VERA_BRADLEY,
Verizon					Verizon_Wireless,VERIZON_WIRELESS,VERIZON_Internet,VERIZON_INTERNET,VERIZON_WRLS,
VictoriasSecret				VICTORIA'S_SECRET,Victoria's_Secret_Cata_800-888-1500_Oh,Victoria_Secret_800-888-1500_Oh,VICTORIA_SECRET,
VillaPizza				VILLA_PIZZA,
VillagePontiac				VILLAGE_PONTIAC,Village_Pontiac,
WAPBoston				WAP_-BAZAAR,WAP_-SAMBURU,
WBEZ					WBEZ_ALLIANCE,WBEZ,
WHSmith					WH_SMITH,
WIRE_TRANSFER_DEPOSIT			WIRE_TRANSFER_DEPOSIT,
WNYC					WNYC_RADIO,WNYC/WQXR,WNYC_/_WQXR,
WOOTInc					WOOT_INC,
WSHU					WSHU_RADIO,
WSOutlet				WS_OUTLET_0141,
WalMart					WAL-MART,
Waldbaums				WALDBAUM'S,
Walgreens				WALGREEN,Walgreens,
WashingtonMetroRail			WASH_METRORAIL,
WashingtonMutual			WAMU/PVN,
WaterwheelLiquors			WATERWHEEL_LIQUORS,
WaverlyLiquors				WAVERLY_LIQUORS,
WeBringThe				WEBRINGTHET,
Wendys					WENDYS,WENDY'S,Wendys_,Wendys,Wendy's_,Wendy's,
WestElm					WEST_ELM,
WestSuburbanLimo			W_SUBURB_LIMO,W_Suburb_Limo_Sevr,
Westin					WESTIN,
WestoneLaboraties			WESTONE_LABORATORIES_I,
WestsideMarket				WESTSIDE_SUPERMARKE,WESTSIDE_SUP,Westside_,
WexnerCafe				96_WEXNER_CAFE,
WhistleStop				WHISTLE_STOP_CA_LAKE_RON,
WhiteHen				WHITE_HEN_PANTRY,
WhiteHouseSubs				WHITE_HOUSE_SUBS,White_House_Subs,
WholeFoods				WHOLE_FOODS,WHOLEFOODS.COM,WHOLEFDS,
WilcoOil				WILCO,
WildBirdCenter				Wild_Bird_Center_Of_St,
WildBirdsUnlimited			WILD_BIRDS_UNLIMITED,
WildByNature				WILD_BY_NATURE,Wild_By_Nature_201,
WildOutWest				WOW,Wow_,
WilliamAndMary				William_And_Mary_Confe_7572211478_Va,
WilliamsSonoma				WILLIAMS-SONOMA,Williams-sonoma_0003,
WilliamsburgHospitalityHouse		The_Wlmsburg_Hosp_Hous,Williamsbrg_Hsp_House,
Wings					Wings,WINGS_BEACHWEAR_STR_4,
WinterthurMuseum			WINTERTHUR_MUSEUM,
WiscassetClipper			Wiscasset_Clipper,
WokAndRoll				Wok_And_Roll_Of_Newark,C.Y_WOK_&_ROLL_INC,
WorldFamousKaysPizza			World_Famous_Kay's_Piz,
WorldPantry.com				WORLDPANTRY.COM,
WorldWildlifeFund			WORLD_WILDLIFE_FUND,World_Wildlife_Fund,
WyndhamPittsburg			WYNDHAM_PITT_UNVI_CTR,
YankeeStadium				Yankee_Stadium_Concq02,
YogurtCrazy				YOGURT_CRAZY,
YouMeAndTea				You_Me_And_Tea,
Yoyo.com				QI_*YOYO.COM,
ZMarketMaryland				Z_MARKET_MD-TO10786028,
ZPita					Z_Pita,
ZanesTavern				ZANE'S_TAVERN_-_ASPEN,
ZapposDevelopment.6pm.com		ZAP*DEV_6PM.COM,
ZazuSalon				ZAZU_SALON_&_DAY_SPA,ZAZU_SALON_AND_DAY_SPA,Zazu_Salon,
Zazzle.com				ZAZZLE.COM,
ZeytinRestaurant			ZEYTIN_RESTAURANT,
ZocaloGrill				ZOCALO_GRILL,
Zoup					ZOUP,
Zulily					ZULILY,
www.abebooks.com			ABEBOOKS.COM,
www.alexandalexa.com			WWW.ALEXANDALEXA.COM,
www.asos.com				WWW.ASOS.COM,
www.bookworm.com			QI_*BOOKWORM.COM,
www.ebags.com				EBags.com,
www.myhabit.com				AMZ*MYHABIT.com,
www.store.motorola.com			ASI*www.store.motorola,
www.teamfanshop.com			TEAMFANSHOP.COM,
www.wiworldstore.com			Www.wiworldstore.com,
